ID,GID,SD_CD,SD_NM,SGG_CD,SGG_NM,INCLINATION,INTERCEPT,DEPTH_10,DEPTH_20,DEPTH_50
35228,다사3550,11,서울,11500,강서구,7.61,-18.89,57.2,133.29,361.56
35229,다사3551,11,서울,11500,강서구,7.61,-18.89,57.2,133.29,361.56
35230,다사3552,11,서울,11500,강서구,7.61,-18.89,57.2,133.29,361.56
35323,다사3649,11,서울,11500,강서구,7.61,-18.89,57.2,133.29,361.56
35324,다사3650,11,서울,11500,강서구,7.61,-18.89,57.2,133.29,361.56
35325,다사3651,11,서울,11500,강서구,7.61,-18.89,57.2,133.29,361.56
35326,다사3652,11,서울,11500,강서구,7.61,-18.89,57.2,133.29,361.56
35327,다사3653,11,서울,11500,강서구,7.61,-18.89,57.2,133.29,361.56
35421,다사3748,11,서울,11500,강서구,7.61,-18.89,57.2,133.29,361.56
35422,다사3749,11,서울,11500,강서구,7.61,-18.89,57.2,133.29,361.56
35423,다사3750,11,서울,11500,강서구,7.61,-18.89,57.2,133.29,361.56
35424,다사3751,11,서울,11500,강서구,7.61,-18.89,57.2,133.29,361.56
35425,다사3752,11,서울,11500,강서구,7.61,-18.89,57.2,133.29,361.56
35426,다사3753,11,서울,11500,강서구,7.61,-18.89,57.2,133.29,361.56
35427,다사3754,11,서울,11500,강서구,7.61,-18.89,57.2,133.29,361.56
35428,다사3755,11,서울,11500,강서구,3.02,-15.22,14.99,45.2,135.83
35521,다사3848,11,서울,11500,강서구,7.61,-18.89,57.2,133.29,361.56
35522,다사3849,11,서울,11500,강서구,7.61,-18.89,57.2,133.29,361.56
35523,다사3850,11,서울,11500,강서구,7.61,-18.89,57.2,133.29,361.56
35524,다사3851,11,서울,11500,강서구,12.78,-40.47,87.33,215.13,598.53
35525,다사3852,11,서울,11500,강서구,12.78,-40.47,87.33,215.13,598.53
35526,다사3853,11,서울,11500,강서구,12.78,-40.47,87.33,215.13,598.53
35527,다사3854,11,서울,11500,강서구,12.78,-40.47,87.33,215.13,598.53
35528,다사3855,11,서울,11500,강서구,12.78,-40.47,87.33,215.13,598.53
35529,다사3856,11,서울,11500,강서구,3.02,-15.22,14.99,45.2,135.83
35622,다사3949,11,서울,11500,강서구,29.25,-235.7,56.8,349.3,1226.8
35623,다사3950,11,서울,11500,강서구,12.78,-40.47,87.33,215.13,598.53
35624,다사3951,11,서울,11500,강서구,12.78,-40.47,87.33,215.13,598.53
35625,다사3952,11,서울,11500,강서구,12.78,-40.47,87.33,215.13,598.53
35626,다사3953,11,서울,11500,강서구,12.78,-40.47,87.33,215.13,598.53
35627,다사3954,11,서울,11500,강서구,12.78,-40.47,87.33,215.13,598.53
35628,다사3955,11,서울,11500,강서구,12.78,-40.47,87.33,215.13,598.53
35718,다사4045,11,서울,11470,양천구,10.02,-48.88,51.32,151.52,452.12
35719,다사4046,11,서울,11470,양천구,29.25,-235.7,56.8,349.3,1226.8
35720,다사4047,11,서울,11470,양천구,29.25,-235.7,56.8,349.3,1226.8
35721,다사4048,11,서울,11470,양천구,29.25,-235.7,56.8,349.3,1226.8
35722,다사4049,11,서울,11500,강서구,29.25,-235.7,56.8,349.3,1226.8
35723,다사4050,11,서울,11500,강서구,29.25,-235.7,56.8,349.3,1226.8
35724,다사4051,11,서울,11500,강서구,12.78,-40.47,87.33,215.13,598.53
35725,다사4052,11,서울,11500,강서구,12.78,-40.47,87.33,215.13,598.53
35726,다사4053,11,서울,11500,강서구,12.78,-40.47,87.33,215.13,598.53
35727,다사4054,11,서울,11500,강서구,12.78,-40.47,87.33,215.13,598.53
35816,다사4143,11,서울,11530,구로구,10.02,-48.88,51.32,151.52,452.12
35817,다사4144,11,서울,11530,구로구,10.02,-48.88,51.32,151.52,452.12
35818,다사4145,11,서울,11470,양천구,10.02,-48.88,51.32,151.52,452.12
35819,다사4146,11,서울,11470,양천구,29.25,-235.7,56.8,349.3,1226.8
35820,다사4147,11,서울,11500,강서구,29.25,-235.7,56.8,349.3,1226.8
35821,다사4148,11,서울,11500,강서구,29.25,-235.7,56.8,349.3,1226.8
35822,다사4149,11,서울,11500,강서구,29.25,-235.7,56.8,349.3,1226.8
35823,다사4150,11,서울,11500,강서구,12.78,-40.47,87.33,215.13,598.53
35824,다사4151,11,서울,11500,강서구,12.78,-40.47,87.33,215.13,598.53
35825,다사4152,11,서울,11500,강서구,12.78,-40.47,87.33,215.13,598.53
35826,다사4153,11,서울,11500,강서구,12.78,-40.47,87.33,215.13,598.53
35827,다사4154,11,서울,11500,강서구,17,-61.22,108.78,278.78,788.78
35914,다사4241,11,서울,11530,구로구,10.02,-48.88,51.32,151.52,452.12
35915,다사4242,11,서울,11530,구로구,10.02,-48.88,51.32,151.52,452.12
35916,다사4243,11,서울,11530,구로구,10.02,-48.88,51.32,151.52,452.12
35917,다사4244,11,서울,11530,구로구,10.02,-48.88,51.32,151.52,452.12
35918,다사4245,11,서울,11470,양천구,10.02,-48.88,51.32,151.52,452.12
35919,다사4246,11,서울,11470,양천구,29.25,-235.7,56.8,349.3,1226.8
35920,다사4247,11,서울,11500,강서구,29.25,-235.7,56.8,349.3,1226.8
35921,다사4248,11,서울,11500,강서구,29.25,-235.7,56.8,349.3,1226.8
35922,다사4249,11,서울,11500,강서구,29.25,-235.7,56.8,349.3,1226.8
35923,다사4250,11,서울,11500,강서구,12.78,-40.47,87.33,215.13,598.53
35924,다사4251,11,서울,11500,강서구,12.78,-40.47,87.33,215.13,598.53
35925,다사4252,11,서울,11500,강서구,12.78,-40.47,87.33,215.13,598.53
35926,다사4253,11,서울,11500,강서구,17,-61.22,108.78,278.78,788.78
36016,다사4343,11,서울,11530,구로구,10.02,-48.88,51.32,151.52,452.12
36017,다사4344,11,서울,11530,구로구,10.02,-48.88,51.32,151.52,452.12
36018,다사4345,11,서울,11470,양천구,10.02,-48.88,51.32,151.52,452.12
36019,다사4346,11,서울,11470,양천구,10.02,-48.88,51.32,151.52,452.12
36020,다사4347,11,서울,11500,강서구,29.25,-235.7,56.8,349.3,1226.8
36021,다사4348,11,서울,11500,강서구,29.25,-235.7,56.8,349.3,1226.8
36022,다사4349,11,서울,11500,강서구,29.25,-235.7,56.8,349.3,1226.8
36023,다사4350,11,서울,11500,강서구,12.78,-40.47,87.33,215.13,598.53
36024,다사4351,11,서울,11500,강서구,12.78,-40.47,87.33,215.13,598.53
36025,다사4352,11,서울,11500,강서구,12.78,-40.47,87.33,215.13,598.53
36114,다사4441,11,서울,11545,금천구,10.02,-48.88,51.32,151.52,452.12
36115,다사4442,11,서울,11545,금천구,10.02,-48.88,51.32,151.52,452.12
36116,다사4443,11,서울,11545,금천구,10.02,-48.88,51.32,151.52,452.12
36117,다사4444,11,서울,11530,구로구,10.02,-48.88,51.32,151.52,452.12
36118,다사4445,11,서울,11470,양천구,10.02,-48.88,51.32,151.52,452.12
36119,다사4446,11,서울,11470,양천구,10.02,-48.88,51.32,151.52,452.12
36120,다사4447,11,서울,11470,양천구,29.25,-235.7,56.8,349.3,1226.8
36121,다사4448,11,서울,11470,양천구,29.25,-235.7,56.8,349.3,1226.8
36122,다사4449,11,서울,11500,강서구,29.25,-235.7,56.8,349.3,1226.8
36123,다사4450,11,서울,11500,강서구,29.25,-235.7,56.8,349.3,1226.8
36124,다사4451,11,서울,11500,강서구,12.78,-40.47,87.33,215.13,598.53
36125,다사4452,11,서울,11440,마포구,12.78,-40.47,87.33,215.13,598.53
36212,다사4539,11,서울,11545,금천구,10.02,-48.88,51.32,151.52,452.12
36213,다사4540,11,서울,11545,금천구,10.02,-48.88,51.32,151.52,452.12
36214,다사4541,11,서울,11545,금천구,10.02,-48.88,51.32,151.52,452.12
36215,다사4542,11,서울,11545,금천구,10.02,-48.88,51.32,151.52,452.12
36216,다사4543,11,서울,11545,금천구,10.02,-48.88,51.32,151.52,452.12
36217,다사4544,11,서울,11530,구로구,10.02,-48.88,51.32,151.52,452.12
36218,다사4545,11,서울,11530,구로구,10.02,-48.88,51.32,151.52,452.12
36219,다사4546,11,서울,11470,양천구,10.02,-48.88,51.32,151.52,452.12
36220,다사4547,11,서울,11470,양천구,29.25,-235.7,56.8,349.3,1226.8
36221,다사4548,11,서울,11470,양천구,29.25,-235.7,56.8,349.3,1226.8
36222,다사4549,11,서울,11500,강서구,45.23,-412.6,39.7,492,1848.9
36223,다사4550,11,서울,11500,강서구,45.23,-412.6,39.7,492,1848.9
36224,다사4551,11,서울,11500,강서구,12.78,-40.47,87.33,215.13,598.53
36225,다사4552,11,서울,11440,마포구,12.78,-40.47,87.33,215.13,598.53
36227,다사4554,11,서울,11380,은평구,12.78,-40.47,87.33,215.13,598.53
36228,다사4555,11,서울,11380,은평구,17,-61.22,108.78,278.78,788.78
36310,다사4637,11,서울,11545,금천구,10.02,-48.88,51.32,151.52,452.12
36311,다사4638,11,서울,11545,금천구,10.02,-48.88,51.32,151.52,452.12
36312,다사4639,11,서울,11545,금천구,10.02,-48.88,51.32,151.52,452.12
36313,다사4640,11,서울,11545,금천구,10.02,-48.88,51.32,151.52,452.12
36314,다사4641,11,서울,11545,금천구,10.02,-48.88,51.32,151.52,452.12
36315,다사4642,11,서울,11620,관악구,10.02,-48.88,51.32,151.52,452.12
36316,다사4643,11,서울,11560,영등포구,29.25,-235.7,56.8,349.3,1226.8
36317,다사4644,11,서울,11560,영등포구,29.25,-235.7,56.8,349.3,1226.8
36318,다사4645,11,서울,11560,영등포구,45.23,-412.6,39.7,492,1848.9
36319,다사4646,11,서울,11560,영등포구,45.23,-412.6,39.7,492,1848.9
36320,다사4647,11,서울,11560,영등포구,45.23,-412.6,39.7,492,1848.9
36321,다사4648,11,서울,11470,양천구,45.23,-412.6,39.7,492,1848.9
36322,다사4649,11,서울,11560,영등포구,45.23,-412.6,39.7,492,1848.9
36323,다사4650,11,서울,11560,영등포구,45.23,-412.6,39.7,492,1848.9
36324,다사4651,11,서울,11440,마포구,45.23,-412.6,39.7,492,1848.9
36325,다사4652,11,서울,11440,마포구,9.06,-29.97,60.62,151.22,423
36326,다사4653,11,서울,11380,은평구,9.06,-29.97,60.62,151.22,423
36327,다사4654,11,서울,11380,은평구,9.06,-29.97,60.62,151.22,423
36328,다사4655,11,서울,11380,은평구,9.06,-29.97,60.62,151.22,423
36410,다사4737,11,서울,11545,금천구,10.02,-48.88,51.32,151.52,452.12
36411,다사4738,11,서울,11545,금천구,10.02,-48.88,51.32,151.52,452.12
36412,다사4739,11,서울,11545,금천구,10.02,-48.88,51.32,151.52,452.12
36413,다사4740,11,서울,11620,관악구,10.02,-48.88,51.32,151.52,452.12
36414,다사4741,11,서울,11620,관악구,10.02,-48.88,51.32,151.52,452.12
36415,다사4742,11,서울,11620,관악구,10.02,-48.88,51.32,151.52,452.12
36416,다사4743,11,서울,11620,관악구,29.25,-235.7,56.8,349.3,1226.8
36417,다사4744,11,서울,11560,영등포구,29.25,-235.7,56.8,349.3,1226.8
36418,다사4745,11,서울,11560,영등포구,45.23,-412.6,39.7,492,1848.9
36419,다사4746,11,서울,11560,영등포구,45.23,-412.6,39.7,492,1848.9
36420,다사4747,11,서울,11560,영등포구,45.23,-412.6,39.7,492,1848.9
36421,다사4748,11,서울,11560,영등포구,45.23,-412.6,39.7,492,1848.9
36422,다사4749,11,서울,11560,영등포구,45.23,-412.6,39.7,492,1848.9
36423,다사4750,11,서울,11440,마포구,45.23,-412.6,39.7,492,1848.9
36424,다사4751,11,서울,11440,마포구,9.06,-29.97,60.62,151.22,423
36425,다사4752,11,서울,11410,서대문구,9.06,-29.97,60.62,151.22,423
36426,다사4753,11,서울,11380,은평구,9.06,-29.97,60.62,151.22,423
36427,다사4754,11,서울,11380,은평구,9.06,-29.97,60.62,151.22,423
36428,다사4755,11,서울,11380,은평구,9.06,-29.97,60.62,151.22,423
36429,다사4756,11,서울,11380,은평구,9.06,-29.97,60.62,151.22,423
36430,다사4757,11,서울,11380,은평구,9.06,-29.97,60.62,151.22,423
36431,다사4758,11,서울,11380,은평구,9.06,-29.97,60.62,151.22,423
36432,다사4759,11,서울,11380,은평구,9.06,-29.97,60.62,151.22,423
36433,다사4760,11,서울,11380,은평구,17,-61.22,108.78,278.78,788.78
36434,다사4761,11,서울,11380,은평구,17,-61.22,108.78,278.78,788.78
36510,다사4837,11,서울,11545,금천구,10.02,-48.88,51.32,151.52,452.12
36511,다사4838,11,서울,11545,금천구,10.02,-48.88,51.32,151.52,452.12
36512,다사4839,11,서울,11620,관악구,10.02,-48.88,51.32,151.52,452.12
36513,다사4840,11,서울,11620,관악구,10.02,-48.88,51.32,151.52,452.12
36514,다사4841,11,서울,11620,관악구,29.25,-235.7,56.8,349.3,1226.8
36515,다사4842,11,서울,11620,관악구,29.25,-235.7,56.8,349.3,1226.8
36516,다사4843,11,서울,11620,관악구,29.25,-235.7,56.8,349.3,1226.8
36517,다사4844,11,서울,11560,영등포구,29.25,-235.7,56.8,349.3,1226.8
36518,다사4845,11,서울,11560,영등포구,45.23,-412.6,39.7,492,1848.9
36519,다사4846,11,서울,11560,영등포구,45.23,-412.6,39.7,492,1848.9
36520,다사4847,11,서울,11560,영등포구,45.23,-412.6,39.7,492,1848.9
36521,다사4848,11,서울,11560,영등포구,45.23,-412.6,39.7,492,1848.9
36522,다사4849,11,서울,11560,영등포구,45.23,-412.6,39.7,492,1848.9
36523,다사4850,11,서울,11440,마포구,9.06,-29.97,60.62,151.22,423
36524,다사4851,11,서울,11440,마포구,9.06,-29.97,60.62,151.22,423
36525,다사4852,11,서울,11410,서대문구,9.06,-29.97,60.62,151.22,423
36526,다사4853,11,서울,11380,은평구,9.06,-29.97,60.62,151.22,423
36527,다사4854,11,서울,11380,은평구,9.06,-29.97,60.62,151.22,423
36528,다사4855,11,서울,11380,은평구,9.06,-29.97,60.62,151.22,423
36529,다사4856,11,서울,11380,은평구,9.06,-29.97,60.62,151.22,423
36530,다사4857,11,서울,11380,은평구,9.06,-29.97,60.62,151.22,423
36531,다사4858,11,서울,11380,은평구,9.06,-29.97,60.62,151.22,423
36532,다사4859,11,서울,11380,은평구,9.06,-29.97,60.62,151.22,423
36533,다사4860,11,서울,11380,은평구,17,-61.22,108.78,278.78,788.78
36611,다사4938,11,서울,11620,관악구,10.02,-48.88,51.32,151.52,452.12
36612,다사4939,11,서울,11620,관악구,10.02,-48.88,51.32,151.52,452.12
36613,다사4940,11,서울,11620,관악구,29.25,-235.7,56.8,349.3,1226.8
36614,다사4941,11,서울,11620,관악구,29.25,-235.7,56.8,349.3,1226.8
36615,다사4942,11,서울,11620,관악구,29.25,-235.7,56.8,349.3,1226.8
36616,다사4943,11,서울,11620,관악구,29.25,-235.7,56.8,349.3,1226.8
36617,다사4944,11,서울,11620,관악구,29.25,-235.7,56.8,349.3,1226.8
36618,다사4945,11,서울,11560,영등포구,45.23,-412.6,39.7,492,1848.9
36619,다사4946,11,서울,11560,영등포구,45.23,-412.6,39.7,492,1848.9
36620,다사4947,11,서울,11560,영등포구,45.23,-412.6,39.7,492,1848.9
36621,다사4948,11,서울,11560,영등포구,45.23,-412.6,39.7,492,1848.9
36622,다사4949,11,서울,11560,영등포구,45.23,-412.6,39.7,492,1848.9
36623,다사4950,11,서울,11410,서대문구,45.23,-412.6,39.7,492,1848.9
36624,다사4951,11,서울,11410,서대문구,9.06,-29.97,60.62,151.22,423
36625,다사4952,11,서울,11410,서대문구,9.06,-29.97,60.62,151.22,423
36626,다사4953,11,서울,11410,서대문구,9.06,-29.97,60.62,151.22,423
36627,다사4954,11,서울,11380,은평구,9.06,-29.97,60.62,151.22,423
36628,다사4955,11,서울,11380,은평구,9.06,-29.97,60.62,151.22,423
36629,다사4956,11,서울,11380,은평구,9.06,-29.97,60.62,151.22,423
36630,다사4957,11,서울,11380,은평구,9.06,-29.97,60.62,151.22,423
36631,다사4958,11,서울,11380,은평구,9.06,-29.97,60.62,151.22,423
36632,다사4959,11,서울,11380,은평구,9.06,-29.97,60.62,151.22,423
36633,다사4960,11,서울,11380,은평구,17,-61.22,108.78,278.78,788.78
36634,다사4961,11,서울,11380,은평구,17,-61.22,108.78,278.78,788.78
36710,다사5037,11,서울,11620,관악구,10.02,-48.88,51.32,151.52,452.12
36711,다사5038,11,서울,11620,관악구,10.02,-48.88,51.32,151.52,452.12
36712,다사5039,11,서울,11620,관악구,29.25,-235.7,56.8,349.3,1226.8
36713,다사5040,11,서울,11620,관악구,29.25,-235.7,56.8,349.3,1226.8
36714,다사5041,11,서울,11620,관악구,29.25,-235.7,56.8,349.3,1226.8
36715,다사5042,11,서울,11620,관악구,29.25,-235.7,56.8,349.3,1226.8
36716,다사5043,11,서울,11620,관악구,29.25,-235.7,56.8,349.3,1226.8
36717,다사5044,11,서울,11590,동작구,29.25,-235.7,56.8,349.3,1226.8
36718,다사5045,11,서울,11590,동작구,45.23,-412.6,39.7,492,1848.9
36719,다사5046,11,서울,11560,영등포구,45.23,-412.6,39.7,492,1848.9
36720,다사5047,11,서울,11560,영등포구,45.23,-412.6,39.7,492,1848.9
36721,다사5048,11,서울,11170,용산구,45.23,-412.6,39.7,492,1848.9
36722,다사5049,11,서울,11560,영등포구,45.23,-412.6,39.7,492,1848.9
36723,다사5050,11,서울,11410,서대문구,45.23,-412.6,39.7,492,1848.9
36724,다사5051,11,서울,11410,서대문구,45.23,-412.6,39.7,492,1848.9
36725,다사5052,11,서울,11410,서대문구,9.06,-29.97,60.62,151.22,423
36726,다사5053,11,서울,11410,서대문구,9.06,-29.97,60.62,151.22,423
36727,다사5054,11,서울,11410,서대문구,9.06,-29.97,60.62,151.22,423
36728,다사5055,11,서울,11380,은평구,9.06,-29.97,60.62,151.22,423
36729,다사5056,11,서울,11380,은평구,9.06,-29.97,60.62,151.22,423
36730,다사5057,11,서울,11380,은평구,9.06,-29.97,60.62,151.22,423
36731,다사5058,11,서울,11380,은평구,9.06,-29.97,60.62,151.22,423
36732,다사5059,11,서울,11380,은평구,17,-61.22,108.78,278.78,788.78
36733,다사5060,11,서울,11380,은평구,17,-61.22,108.78,278.78,788.78
36734,다사5061,11,서울,11380,은평구,17,-61.22,108.78,278.78,788.78
36735,다사5062,11,서울,11380,은평구,17,-61.22,108.78,278.78,788.78
36810,다사5137,11,서울,11620,관악구,10.02,-48.88,51.32,151.52,452.12
36811,다사5138,11,서울,11620,관악구,29.25,-235.7,56.8,349.3,1226.8
36812,다사5139,11,서울,11620,관악구,29.25,-235.7,56.8,349.3,1226.8
36813,다사5140,11,서울,11620,관악구,29.25,-235.7,56.8,349.3,1226.8
36814,다사5141,11,서울,11620,관악구,29.25,-235.7,56.8,349.3,1226.8
36815,다사5142,11,서울,11620,관악구,29.25,-235.7,56.8,349.3,1226.8
36816,다사5143,11,서울,11620,관악구,29.25,-235.7,56.8,349.3,1226.8
36817,다사5144,11,서울,11620,관악구,14.97,-88.24,61.46,211.16,660.26
36818,다사5145,11,서울,11590,동작구,14.97,-88.24,61.46,211.16,660.26
36819,다사5146,11,서울,11170,용산구,14.97,-88.24,61.46,211.16,660.26
36820,다사5147,11,서울,11170,용산구,14.97,-88.24,61.46,211.16,660.26
36821,다사5148,11,서울,11170,용산구,45.23,-412.6,39.7,492,1848.9
36822,다사5149,11,서울,11170,용산구,45.23,-412.6,39.7,492,1848.9
36823,다사5150,11,서울,11410,서대문구,45.23,-412.6,39.7,492,1848.9
36824,다사5151,11,서울,11410,서대문구,45.23,-412.6,39.7,492,1848.9
36825,다사5152,11,서울,11410,서대문구,45.23,-412.6,39.7,492,1848.9
36826,다사5153,11,서울,11110,종로구,10.9,-63.49,45.51,154.51,481.51
36827,다사5154,11,서울,11410,서대문구,9.06,-29.97,60.62,151.22,423
36828,다사5155,11,서울,11110,종로구,9.06,-29.97,60.62,151.22,423
36829,다사5156,11,서울,11110,종로구,9.06,-29.97,60.62,151.22,423
36830,다사5157,11,서울,11110,종로구,9.06,-29.97,60.62,151.22,423
36831,다사5158,11,서울,11110,종로구,9.06,-29.97,60.62,151.22,423
36832,다사5159,11,서울,11380,은평구,17,-61.22,108.78,278.78,788.78
36833,다사5160,11,서울,11380,은평구,17,-61.22,108.78,278.78,788.78
36834,다사5161,11,서울,11380,은평구,17,-61.22,108.78,278.78,788.78
36835,다사5162,11,서울,11380,은평구,17,-61.22,108.78,278.78,788.78
36910,다사5237,11,서울,11620,관악구,6.11,-26.44,34.71,95.85,279.29
36911,다사5238,11,서울,11620,관악구,6.11,-26.44,34.71,95.85,279.29
36912,다사5239,11,서울,11620,관악구,14.97,-88.24,61.46,211.16,660.26
36913,다사5240,11,서울,11620,관악구,14.97,-88.24,61.46,211.16,660.26
36914,다사5241,11,서울,11620,관악구,29.25,-235.7,56.8,349.3,1226.8
36915,다사5242,11,서울,11620,관악구,14.97,-88.24,61.46,211.16,660.26
36916,다사5243,11,서울,11620,관악구,14.97,-88.24,61.46,211.16,660.26
36917,다사5244,11,서울,11590,동작구,14.97,-88.24,61.46,211.16,660.26
36918,다사5245,11,서울,11170,용산구,14.97,-88.24,61.46,211.16,660.26
36919,다사5246,11,서울,11170,용산구,14.97,-88.24,61.46,211.16,660.26
36920,다사5247,11,서울,11170,용산구,14.97,-88.24,61.46,211.16,660.26
36921,다사5248,11,서울,11170,용산구,45.23,-412.6,39.7,492,1848.9
36922,다사5249,11,서울,11170,용산구,45.23,-412.6,39.7,492,1848.9
36923,다사5250,11,서울,11140,중구,45.23,-412.6,39.7,492,1848.9
36924,다사5251,11,서울,11140,중구,10.9,-63.49,45.51,154.51,481.51
36925,다사5252,11,서울,11140,중구,10.9,-63.49,45.51,154.51,481.51
36926,다사5253,11,서울,11110,종로구,10.9,-63.49,45.51,154.51,481.51
36927,다사5254,11,서울,11110,종로구,10.9,-63.49,45.51,154.51,481.51
36928,다사5255,11,서울,11110,종로구,10.9,-63.49,45.51,154.51,481.51
36929,다사5256,11,서울,11110,종로구,9.06,-29.97,60.62,151.22,423
36930,다사5257,11,서울,11110,종로구,9.06,-29.97,60.62,151.22,423
36931,다사5258,11,서울,11110,종로구,9.06,-29.97,60.62,151.22,423
36932,다사5259,11,서울,11110,종로구,9.06,-29.97,60.62,151.22,423
36933,다사5260,11,서울,11380,은평구,17,-61.22,108.78,278.78,788.78
36934,다사5261,11,서울,11380,은평구,17,-61.22,108.78,278.78,788.78
37011,다사5338,11,서울,11620,관악구,6.11,-26.44,34.71,95.85,279.29
37012,다사5339,11,서울,11620,관악구,6.11,-26.44,34.71,95.85,279.29
37013,다사5340,11,서울,11620,관악구,14.97,-88.24,61.46,211.16,660.26
37014,다사5341,11,서울,11620,관악구,14.97,-88.24,61.46,211.16,660.26
37015,다사5342,11,서울,11620,관악구,14.97,-88.24,61.46,211.16,660.26
37016,다사5343,11,서울,11590,동작구,14.97,-88.24,61.46,211.16,660.26
37017,다사5344,11,서울,11590,동작구,14.97,-88.24,61.46,211.16,660.26
37018,다사5345,11,서울,11170,용산구,14.97,-88.24,61.46,211.16,660.26
37019,다사5346,11,서울,11170,용산구,14.97,-88.24,61.46,211.16,660.26
37020,다사5347,11,서울,11170,용산구,14.97,-88.24,61.46,211.16,660.26
37021,다사5348,11,서울,11170,용산구,14.97,-88.24,61.46,211.16,660.26
37022,다사5349,11,서울,11170,용산구,45.23,-412.6,39.7,492,1848.9
37023,다사5350,11,서울,11140,중구,10.9,-63.49,45.51,154.51,481.51
37024,다사5351,11,서울,11140,중구,10.9,-63.49,45.51,154.51,481.51
37025,다사5352,11,서울,11140,중구,10.9,-63.49,45.51,154.51,481.51
37026,다사5353,11,서울,11110,종로구,10.9,-63.49,45.51,154.51,481.51
37027,다사5354,11,서울,11110,종로구,10.9,-63.49,45.51,154.51,481.51
37028,다사5355,11,서울,11290,성북구,10.9,-63.49,45.51,154.51,481.51
37029,다사5356,11,서울,11110,종로구,9.06,-29.97,60.62,151.22,423
37030,다사5357,11,서울,11110,종로구,9.06,-29.97,60.62,151.22,423
37031,다사5358,11,서울,11290,성북구,10.9,-63.49,45.51,154.51,481.51
37032,다사5359,11,서울,11290,성북구,10.9,-63.49,45.51,154.51,481.51
37112,다사5439,11,서울,11620,관악구,6.11,-26.44,34.71,95.85,279.29
37113,다사5440,11,서울,11650,서초구,6.11,-26.44,34.71,95.85,279.29
37114,다사5441,11,서울,11650,서초구,14.97,-88.24,61.46,211.16,660.26
37115,다사5442,11,서울,11650,서초구,14.97,-88.24,61.46,211.16,660.26
37116,다사5443,11,서울,11650,서초구,14.97,-88.24,61.46,211.16,660.26
37117,다사5444,11,서울,11650,서초구,14.97,-88.24,61.46,211.16,660.26
37118,다사5445,11,서울,11170,용산구,14.97,-88.24,61.46,211.16,660.26
37119,다사5446,11,서울,11170,용산구,14.97,-88.24,61.46,211.16,660.26
37120,다사5447,11,서울,11170,용산구,14.97,-88.24,61.46,211.16,660.26
37121,다사5448,11,서울,11170,용산구,14.97,-88.24,61.46,211.16,660.26
37122,다사5449,11,서울,11170,용산구,45.23,-412.6,39.7,492,1848.9
37123,다사5450,11,서울,11140,중구,10.9,-63.49,45.51,154.51,481.51
37124,다사5451,11,서울,11140,중구,10.9,-63.49,45.51,154.51,481.51
37125,다사5452,11,서울,11140,중구,10.9,-63.49,45.51,154.51,481.51
37126,다사5453,11,서울,11110,종로구,10.9,-63.49,45.51,154.51,481.51
37127,다사5454,11,서울,11290,성북구,10.9,-63.49,45.51,154.51,481.51
37128,다사5455,11,서울,11290,성북구,10.9,-63.49,45.51,154.51,481.51
37129,다사5456,11,서울,11290,성북구,10.9,-63.49,45.51,154.51,481.51
37130,다사5457,11,서울,11290,성북구,10.9,-63.49,45.51,154.51,481.51
37131,다사5458,11,서울,11290,성북구,10.9,-63.49,45.51,154.51,481.51
37132,다사5459,11,서울,11290,성북구,10.9,-63.49,45.51,154.51,481.51
37133,다사5460,11,서울,11305,강북구,11.71,-67.27,49.83,166.93,518.23
37134,다사5461,11,서울,11305,강북구,11.71,-67.27,49.83,166.93,518.23
37135,다사5462,11,서울,11305,강북구,11.71,-67.27,49.83,166.93,518.23
37213,다사5540,11,서울,11650,서초구,6.11,-26.44,34.71,95.85,279.29
37214,다사5541,11,서울,11650,서초구,6.11,-26.44,34.71,95.85,279.29
37215,다사5542,11,서울,11650,서초구,14.97,-88.24,61.46,211.16,660.26
37216,다사5543,11,서울,11650,서초구,14.97,-88.24,61.46,211.16,660.26
37217,다사5544,11,서울,11650,서초구,14.97,-88.24,61.46,211.16,660.26
37218,다사5545,11,서울,11650,서초구,14.97,-88.24,61.46,211.16,660.26
37219,다사5546,11,서울,11170,용산구,14.97,-88.24,61.46,211.16,660.26
37220,다사5547,11,서울,11170,용산구,14.97,-88.24,61.46,211.16,660.26
37221,다사5548,11,서울,11170,용산구,14.97,-88.24,61.46,211.16,660.26
37222,다사5549,11,서울,11140,중구,10.9,-63.49,45.51,154.51,481.51
37223,다사5550,11,서울,11140,중구,10.9,-63.49,45.51,154.51,481.51
37224,다사5551,11,서울,11140,중구,10.9,-63.49,45.51,154.51,481.51
37225,다사5552,11,서울,11140,중구,10.9,-63.49,45.51,154.51,481.51
37226,다사5553,11,서울,11110,종로구,10.9,-63.49,45.51,154.51,481.51
37227,다사5554,11,서울,11290,성북구,10.9,-63.49,45.51,154.51,481.51
37228,다사5555,11,서울,11290,성북구,10.9,-63.49,45.51,154.51,481.51
37229,다사5556,11,서울,11290,성북구,10.9,-63.49,45.51,154.51,481.51
37230,다사5557,11,서울,11290,성북구,10.9,-63.49,45.51,154.51,481.51
37231,다사5558,11,서울,11290,성북구,10.9,-63.49,45.51,154.51,481.51
37232,다사5559,11,서울,11290,성북구,10.9,-63.49,45.51,154.51,481.51
37233,다사5560,11,서울,11305,강북구,11.71,-67.27,49.83,166.93,518.23
37234,다사5561,11,서울,11305,강북구,11.71,-67.27,49.83,166.93,518.23
37235,다사5562,11,서울,11305,강북구,11.71,-67.27,49.83,166.93,518.23
37236,다사5563,11,서울,11305,강북구,11.71,-67.27,49.83,166.93,518.23
37237,다사5564,11,서울,11305,강북구,11.71,-67.27,49.83,166.93,518.23
37238,다사5565,11,서울,11305,강북구,11.71,-67.27,49.83,166.93,518.23
37312,다사5639,11,서울,11650,서초구,6.11,-26.44,34.71,95.85,279.29
37313,다사5640,11,서울,11650,서초구,6.11,-26.44,34.71,95.85,279.29
37314,다사5641,11,서울,11650,서초구,6.11,-26.44,34.71,95.85,279.29
37315,다사5642,11,서울,11650,서초구,14.97,-88.24,61.46,211.16,660.26
37316,다사5643,11,서울,11650,서초구,14.97,-88.24,61.46,211.16,660.26
37317,다사5644,11,서울,11650,서초구,14.97,-88.24,61.46,211.16,660.26
37318,다사5645,11,서울,11650,서초구,14.97,-88.24,61.46,211.16,660.26
37319,다사5646,11,서울,11170,용산구,14.97,-88.24,61.46,211.16,660.26
37320,다사5647,11,서울,11170,용산구,14.97,-88.24,61.46,211.16,660.26
37321,다사5648,11,서울,11170,용산구,14.97,-88.24,61.46,211.16,660.26
37322,다사5649,11,서울,11140,중구,10.9,-63.49,45.51,154.51,481.51
37323,다사5650,11,서울,11140,중구,10.9,-63.49,45.51,154.51,481.51
37324,다사5651,11,서울,11140,중구,10.9,-63.49,45.51,154.51,481.51
37325,다사5652,11,서울,11140,중구,10.9,-63.49,45.51,154.51,481.51
37326,다사5653,11,서울,11290,성북구,10.9,-63.49,45.51,154.51,481.51
37327,다사5654,11,서울,11290,성북구,10.9,-63.49,45.51,154.51,481.51
37328,다사5655,11,서울,11290,성북구,10.9,-63.49,45.51,154.51,481.51
37329,다사5656,11,서울,11290,성북구,10.9,-63.49,45.51,154.51,481.51
37330,다사5657,11,서울,11290,성북구,10.9,-63.49,45.51,154.51,481.51
37331,다사5658,11,서울,11290,성북구,10.9,-63.49,45.51,154.51,481.51
37332,다사5659,11,서울,11305,강북구,11.71,-67.27,49.83,166.93,518.23
37333,다사5660,11,서울,11305,강북구,11.71,-67.27,49.83,166.93,518.23
37334,다사5661,11,서울,11305,강북구,11.71,-67.27,49.83,166.93,518.23
37335,다사5662,11,서울,11305,강북구,11.71,-67.27,49.83,166.93,518.23
37336,다사5663,11,서울,11305,강북구,11.71,-67.27,49.83,166.93,518.23
37337,다사5664,11,서울,11305,강북구,11.71,-67.27,49.83,166.93,518.23
37338,다사5665,11,서울,11305,강북구,11.71,-67.27,49.83,166.93,518.23
37339,다사5666,11,서울,11320,도봉구,11.71,-67.27,49.83,166.93,518.23
37412,다사5739,11,서울,11650,서초구,6.11,-26.44,34.71,95.85,279.29
37413,다사5740,11,서울,11650,서초구,6.11,-26.44,34.71,95.85,279.29
37414,다사5741,11,서울,11650,서초구,6.11,-26.44,34.71,95.85,279.29
37415,다사5742,11,서울,11650,서초구,6.11,-26.44,34.71,95.85,279.29
37416,다사5743,11,서울,11650,서초구,14.97,-88.24,61.46,211.16,660.26
37417,다사5744,11,서울,11650,서초구,14.97,-88.24,61.46,211.16,660.26
37418,다사5745,11,서울,11680,강남구,14.97,-88.24,61.46,211.16,660.26
37419,다사5746,11,서울,11680,강남구,14.97,-88.24,61.46,211.16,660.26
37420,다사5747,11,서울,11680,강남구,14.97,-88.24,61.46,211.16,660.26
37421,다사5748,11,서울,11170,용산구,29.29,-113,179.9,472.8,1351.5
37422,다사5749,11,서울,11200,성동구,10.9,-63.49,45.51,154.51,481.51
37423,다사5750,11,서울,11140,중구,10.9,-63.49,45.51,154.51,481.51
37424,다사5751,11,서울,11140,중구,10.9,-63.49,45.51,154.51,481.51
37425,다사5752,11,서울,11140,중구,10.9,-63.49,45.51,154.51,481.51
37426,다사5753,11,서울,11290,성북구,10.9,-63.49,45.51,154.51,481.51
37427,다사5754,11,서울,11290,성북구,10.9,-63.49,45.51,154.51,481.51
37428,다사5755,11,서울,11290,성북구,10.9,-63.49,45.51,154.51,481.51
37429,다사5756,11,서울,11290,성북구,10.9,-63.49,45.51,154.51,481.51
37430,다사5757,11,서울,11290,성북구,10.9,-63.49,45.51,154.51,481.51
37431,다사5758,11,서울,11305,강북구,10.9,-63.49,45.51,154.51,481.51
37432,다사5759,11,서울,11305,강북구,11.71,-67.27,49.83,166.93,518.23
37433,다사5760,11,서울,11305,강북구,11.71,-67.27,49.83,166.93,518.23
37434,다사5761,11,서울,11305,강북구,11.71,-67.27,49.83,166.93,518.23
37435,다사5762,11,서울,11305,강북구,11.71,-67.27,49.83,166.93,518.23
37436,다사5763,11,서울,11305,강북구,11.71,-67.27,49.83,166.93,518.23
37437,다사5764,11,서울,11305,강북구,11.71,-67.27,49.83,166.93,518.23
37438,다사5765,11,서울,11320,도봉구,11.71,-67.27,49.83,166.93,518.23
37439,다사5766,11,서울,11320,도봉구,3.3,-14.42,18.55,51.52,150.43
37510,다사5837,11,서울,11650,서초구,6.11,-26.44,34.71,95.85,279.29
37511,다사5838,11,서울,11650,서초구,6.11,-26.44,34.71,95.85,279.29
37512,다사5839,11,서울,11650,서초구,6.11,-26.44,34.71,95.85,279.29
37513,다사5840,11,서울,11650,서초구,6.11,-26.44,34.71,95.85,279.29
37514,다사5841,11,서울,11650,서초구,6.11,-26.44,34.71,95.85,279.29
37515,다사5842,11,서울,11680,강남구,6.11,-26.44,34.71,95.85,279.29
37516,다사5843,11,서울,11680,강남구,6.11,-26.44,34.71,95.85,279.29
37517,다사5844,11,서울,11680,강남구,14.97,-88.24,61.46,211.16,660.26
37518,다사5845,11,서울,11680,강남구,14.97,-88.24,61.46,211.16,660.26
37519,다사5846,11,서울,11680,강남구,29.29,-113,179.9,472.8,1351.5
37520,다사5847,11,서울,11680,강남구,29.29,-113,179.9,472.8,1351.5
37521,다사5848,11,서울,11680,강남구,29.29,-113,179.9,472.8,1351.5
37522,다사5849,11,서울,11200,성동구,29.29,-113,179.9,472.8,1351.5
37523,다사5850,11,서울,11200,성동구,29.29,-113,179.9,472.8,1351.5
37524,다사5851,11,서울,11140,중구,10.9,-63.49,45.51,154.51,481.51
37525,다사5852,11,서울,11230,동대문구,10.9,-63.49,45.51,154.51,481.51
37526,다사5853,11,서울,11290,성북구,10.9,-63.49,45.51,154.51,481.51
37527,다사5854,11,서울,11290,성북구,10.9,-63.49,45.51,154.51,481.51
37528,다사5855,11,서울,11290,성북구,10.9,-63.49,45.51,154.51,481.51
37529,다사5856,11,서울,11290,성북구,10.9,-63.49,45.51,154.51,481.51
37530,다사5857,11,서울,11290,성북구,10.9,-63.49,45.51,154.51,481.51
37531,다사5858,11,서울,11305,강북구,10.9,-63.49,45.51,154.51,481.51
37532,다사5859,11,서울,11305,강북구,11.71,-67.27,49.83,166.93,518.23
37533,다사5860,11,서울,11305,강북구,11.71,-67.27,49.83,166.93,518.23
37534,다사5861,11,서울,11305,강북구,11.71,-67.27,49.83,166.93,518.23
37535,다사5862,11,서울,11320,도봉구,11.71,-67.27,49.83,166.93,518.23
37536,다사5863,11,서울,11320,도봉구,11.71,-67.27,49.83,166.93,518.23
37537,다사5864,11,서울,11320,도봉구,11.71,-67.27,49.83,166.93,518.23
37538,다사5865,11,서울,11320,도봉구,3.3,-14.42,18.55,51.52,150.43
37539,다사5866,11,서울,11320,도봉구,3.3,-14.42,18.55,51.52,150.43
37609,다사5936,11,서울,11650,서초구,9.25,-32.64,59.9,152.43,430.04
37610,다사5937,11,서울,11650,서초구,6.11,-26.44,34.71,95.85,279.29
37611,다사5938,11,서울,11650,서초구,6.11,-26.44,34.71,95.85,279.29
37612,다사5939,11,서울,11650,서초구,6.11,-26.44,34.71,95.85,279.29
37613,다사5940,11,서울,11650,서초구,6.11,-26.44,34.71,95.85,279.29
37614,다사5941,11,서울,11680,강남구,6.11,-26.44,34.71,95.85,279.29
37615,다사5942,11,서울,11680,강남구,6.11,-26.44,34.71,95.85,279.29
37616,다사5943,11,서울,11680,강남구,6.11,-26.44,34.71,95.85,279.29
37617,다사5944,11,서울,11680,강남구,6.11,-26.44,34.71,95.85,279.29
37618,다사5945,11,서울,11680,강남구,6.11,-26.44,34.71,95.85,279.29
37619,다사5946,11,서울,11680,강남구,29.29,-113,179.9,472.8,1351.5
37620,다사5947,11,서울,11680,강남구,29.29,-113,179.9,472.8,1351.5
37621,다사5948,11,서울,11680,강남구,29.29,-113,179.9,472.8,1351.5
37622,다사5949,11,서울,11200,성동구,29.29,-113,179.9,472.8,1351.5
37623,다사5950,11,서울,11200,성동구,29.29,-113,179.9,472.8,1351.5
37624,다사5951,11,서울,11200,성동구,10.9,-63.49,45.51,154.51,481.51
37625,다사5952,11,서울,11230,동대문구,10.9,-63.49,45.51,154.51,481.51
37626,다사5953,11,서울,11230,동대문구,10.9,-63.49,45.51,154.51,481.51
37627,다사5954,11,서울,11290,성북구,10.9,-63.49,45.51,154.51,481.51
37628,다사5955,11,서울,11290,성북구,10.9,-63.49,45.51,154.51,481.51
37629,다사5956,11,서울,11290,성북구,10.9,-63.49,45.51,154.51,481.51
37630,다사5957,11,서울,11290,성북구,10.9,-63.49,45.51,154.51,481.51
37631,다사5958,11,서울,11290,성북구,10.9,-63.49,45.51,154.51,481.51
37632,다사5959,11,서울,11350,노원구,11.71,-67.27,49.83,166.93,518.23
37633,다사5960,11,서울,11350,노원구,11.71,-67.27,49.83,166.93,518.23
37634,다사5961,11,서울,11320,도봉구,11.71,-67.27,49.83,166.93,518.23
37635,다사5962,11,서울,11320,도봉구,11.71,-67.27,49.83,166.93,518.23
37636,다사5963,11,서울,11320,도봉구,11.71,-67.27,49.83,166.93,518.23
37637,다사5964,11,서울,11320,도봉구,11.71,-67.27,49.83,166.93,518.23
37638,다사5965,11,서울,11320,도봉구,3.3,-14.42,18.55,51.52,150.43
37639,다사5966,11,서울,11320,도봉구,3.3,-14.42,18.55,51.52,150.43
37709,다사6036,11,서울,11650,서초구,9.25,-32.64,59.9,152.43,430.04
37710,다사6037,11,서울,11650,서초구,6.11,-26.44,34.71,95.85,279.29
37711,다사6038,11,서울,11650,서초구,6.11,-26.44,34.71,95.85,279.29
37712,다사6039,11,서울,11650,서초구,6.11,-26.44,34.71,95.85,279.29
37713,다사6040,11,서울,11680,강남구,6.11,-26.44,34.71,95.85,279.29
37714,다사6041,11,서울,11680,강남구,6.11,-26.44,34.71,95.85,279.29
37715,다사6042,11,서울,11680,강남구,6.11,-26.44,34.71,95.85,279.29
37716,다사6043,11,서울,11680,강남구,6.11,-26.44,34.71,95.85,279.29
37717,다사6044,11,서울,11680,강남구,6.11,-26.44,34.71,95.85,279.29
37718,다사6045,11,서울,11680,강남구,6.11,-26.44,34.71,95.85,279.29
37719,다사6046,11,서울,11680,강남구,6.11,-26.44,34.71,95.85,279.29
37720,다사6047,11,서울,11680,강남구,29.29,-113,179.9,472.8,1351.5
37721,다사6048,11,서울,11680,강남구,29.29,-113,179.9,472.8,1351.5
37722,다사6049,11,서울,11200,성동구,29.29,-113,179.9,472.8,1351.5
37723,다사6050,11,서울,11200,성동구,29.29,-113,179.9,472.8,1351.5
37724,다사6051,11,서울,11230,동대문구,10.9,-63.49,45.51,154.51,481.51
37725,다사6052,11,서울,11230,동대문구,10.9,-63.49,45.51,154.51,481.51
37726,다사6053,11,서울,11230,동대문구,10.9,-63.49,45.51,154.51,481.51
37727,다사6054,11,서울,11230,동대문구,10.9,-63.49,45.51,154.51,481.51
37728,다사6055,11,서울,11290,성북구,10.9,-63.49,45.51,154.51,481.51
37729,다사6056,11,서울,11290,성북구,10.9,-63.49,45.51,154.51,481.51
37730,다사6057,11,서울,11290,성북구,11.71,-67.27,49.83,166.93,518.23
37731,다사6058,11,서울,11290,성북구,11.71,-67.27,49.83,166.93,518.23
37732,다사6059,11,서울,11350,노원구,11.71,-67.27,49.83,166.93,518.23
37733,다사6060,11,서울,11350,노원구,11.71,-67.27,49.83,166.93,518.23
37734,다사6061,11,서울,11350,노원구,11.71,-67.27,49.83,166.93,518.23
37735,다사6062,11,서울,11350,노원구,11.71,-67.27,49.83,166.93,518.23
37736,다사6063,11,서울,11350,노원구,11.71,-67.27,49.83,166.93,518.23
37737,다사6064,11,서울,11350,노원구,11.71,-67.27,49.83,166.93,518.23
37738,다사6065,11,서울,11350,노원구,11.71,-67.27,49.83,166.93,518.23
37739,다사6066,11,서울,11320,도봉구,3.3,-14.42,18.55,51.52,150.43
37809,다사6136,11,서울,11650,서초구,9.25,-32.64,59.9,152.43,430.04
37810,다사6137,11,서울,11650,서초구,6.11,-26.44,34.71,95.85,279.29
37811,다사6138,11,서울,11650,서초구,9.25,-32.64,59.9,152.43,430.04
37812,다사6139,11,서울,11650,서초구,9.25,-32.64,59.9,152.43,430.04
37813,다사6140,11,서울,11650,서초구,9.25,-32.64,59.9,152.43,430.04
37814,다사6141,11,서울,11680,강남구,9.25,-32.64,59.9,152.43,430.04
37815,다사6142,11,서울,11680,강남구,6.11,-26.44,34.71,95.85,279.29
37816,다사6143,11,서울,11680,강남구,6.11,-26.44,34.71,95.85,279.29
37817,다사6144,11,서울,11680,강남구,6.11,-26.44,34.71,95.85,279.29
37818,다사6145,11,서울,11680,강남구,6.11,-26.44,34.71,95.85,279.29
37819,다사6146,11,서울,11680,강남구,6.11,-26.44,34.71,95.85,279.29
37820,다사6147,11,서울,11680,강남구,29.29,-113,179.9,472.8,1351.5
37821,다사6148,11,서울,11200,성동구,29.29,-113,179.9,472.8,1351.5
37822,다사6149,11,서울,11200,성동구,29.29,-113,179.9,472.8,1351.5
37823,다사6150,11,서울,11200,성동구,29.29,-113,179.9,472.8,1351.5
37824,다사6151,11,서울,11230,동대문구,10.9,-63.49,45.51,154.51,481.51
37825,다사6152,11,서울,11230,동대문구,10.9,-63.49,45.51,154.51,481.51
37826,다사6153,11,서울,11230,동대문구,10.9,-63.49,45.51,154.51,481.51
37827,다사6154,11,서울,11230,동대문구,10.9,-63.49,45.51,154.51,481.51
37828,다사6155,11,서울,11260,중랑구,11.71,-67.27,49.83,166.93,518.23
37829,다사6156,11,서울,11290,성북구,11.71,-67.27,49.83,166.93,518.23
37830,다사6157,11,서울,11290,성북구,11.71,-67.27,49.83,166.93,518.23
37831,다사6158,11,서울,11350,노원구,11.71,-67.27,49.83,166.93,518.23
37832,다사6159,11,서울,11350,노원구,11.71,-67.27,49.83,166.93,518.23
37833,다사6160,11,서울,11350,노원구,11.71,-67.27,49.83,166.93,518.23
37834,다사6161,11,서울,11350,노원구,11.71,-67.27,49.83,166.93,518.23
37835,다사6162,11,서울,11350,노원구,11.71,-67.27,49.83,166.93,518.23
37836,다사6163,11,서울,11350,노원구,11.71,-67.27,49.83,166.93,518.23
37837,다사6164,11,서울,11350,노원구,11.71,-67.27,49.83,166.93,518.23
37838,다사6165,11,서울,11350,노원구,11.71,-67.27,49.83,166.93,518.23
37839,다사6166,11,서울,11350,노원구,3.3,-14.42,18.55,51.52,150.43
37909,다사6236,11,서울,11650,서초구,9.25,-32.64,59.9,152.43,430.04
37910,다사6237,11,서울,11650,서초구,9.25,-32.64,59.9,152.43,430.04
37911,다사6238,11,서울,11650,서초구,9.25,-32.64,59.9,152.43,430.04
37912,다사6239,11,서울,11650,서초구,9.25,-32.64,59.9,152.43,430.04
37913,다사6240,11,서울,11650,서초구,9.25,-32.64,59.9,152.43,430.04
37914,다사6241,11,서울,11680,강남구,9.25,-32.64,59.9,152.43,430.04
37915,다사6242,11,서울,11680,강남구,6.11,-26.44,34.71,95.85,279.29
37916,다사6243,11,서울,11680,강남구,6.11,-26.44,34.71,95.85,279.29
37917,다사6244,11,서울,11680,강남구,6.11,-26.44,34.71,95.85,279.29
37918,다사6245,11,서울,11710,송파구,6.11,-26.44,34.71,95.85,279.29
37919,다사6246,11,서울,11710,송파구,6.11,-26.44,34.71,95.85,279.29
37920,다사6247,11,서울,11215,광진구,29.29,-113,179.9,472.8,1351.5
37921,다사6248,11,서울,11215,광진구,29.29,-113,179.9,472.8,1351.5
37922,다사6249,11,서울,11215,광진구,29.29,-113,179.9,472.8,1351.5
37923,다사6250,11,서울,11200,성동구,11.71,-67.27,49.83,166.93,518.23
37924,다사6251,11,서울,11230,동대문구,11.71,-67.27,49.83,166.93,518.23
37925,다사6252,11,서울,11260,중랑구,11.71,-67.27,49.83,166.93,518.23
37926,다사6253,11,서울,11260,중랑구,11.71,-67.27,49.83,166.93,518.23
37927,다사6254,11,서울,11260,중랑구,11.71,-67.27,49.83,166.93,518.23
37928,다사6255,11,서울,11260,중랑구,11.71,-67.27,49.83,166.93,518.23
37929,다사6256,11,서울,11260,중랑구,11.71,-67.27,49.83,166.93,518.23
37930,다사6257,11,서울,11260,중랑구,11.71,-67.27,49.83,166.93,518.23
37931,다사6258,11,서울,11350,노원구,11.71,-67.27,49.83,166.93,518.23
37932,다사6259,11,서울,11350,노원구,11.71,-67.27,49.83,166.93,518.23
37933,다사6260,11,서울,11350,노원구,11.71,-67.27,49.83,166.93,518.23
37934,다사6261,11,서울,11350,노원구,11.71,-67.27,49.83,166.93,518.23
37935,다사6262,11,서울,11350,노원구,11.71,-67.27,49.83,166.93,518.23
37936,다사6263,11,서울,11350,노원구,11.71,-67.27,49.83,166.93,518.23
37937,다사6264,11,서울,11350,노원구,11.71,-67.27,49.83,166.93,518.23
37938,다사6265,11,서울,11350,노원구,11.71,-67.27,49.83,166.93,518.23
37939,다사6266,11,서울,11350,노원구,3.3,-14.42,18.55,51.52,150.43
38011,다사6338,11,서울,11650,서초구,9.25,-32.64,59.9,152.43,430.04
38012,다사6339,11,서울,11650,서초구,9.25,-32.64,59.9,152.43,430.04
38013,다사6340,11,서울,11680,강남구,9.25,-32.64,59.9,152.43,430.04
38014,다사6341,11,서울,11680,강남구,9.25,-32.64,59.9,152.43,430.04
38015,다사6342,11,서울,11680,강남구,6.11,-26.44,34.71,95.85,279.29
38016,다사6343,11,서울,11680,강남구,6.11,-26.44,34.71,95.85,279.29
38017,다사6344,11,서울,11680,강남구,6.11,-26.44,34.71,95.85,279.29
38018,다사6345,11,서울,11710,송파구,6.11,-26.44,34.71,95.85,279.29
38019,다사6346,11,서울,11710,송파구,6.11,-26.44,34.71,95.85,279.29
38020,다사6347,11,서울,11215,광진구,29.29,-113,179.9,472.8,1351.5
38021,다사6348,11,서울,11215,광진구,29.29,-113,179.9,472.8,1351.5
38022,다사6349,11,서울,11215,광진구,29.29,-113,179.9,472.8,1351.5
38023,다사6350,11,서울,11215,광진구,11.71,-67.27,49.83,166.93,518.23
38024,다사6351,11,서울,11215,광진구,11.71,-67.27,49.83,166.93,518.23
38025,다사6352,11,서울,11260,중랑구,11.71,-67.27,49.83,166.93,518.23
38026,다사6353,11,서울,11260,중랑구,11.71,-67.27,49.83,166.93,518.23
38027,다사6354,11,서울,11260,중랑구,11.71,-67.27,49.83,166.93,518.23
38028,다사6355,11,서울,11260,중랑구,11.71,-67.27,49.83,166.93,518.23
38029,다사6356,11,서울,11260,중랑구,11.71,-67.27,49.83,166.93,518.23
38030,다사6357,11,서울,11260,중랑구,11.71,-67.27,49.83,166.93,518.23
38031,다사6358,11,서울,11350,노원구,11.71,-67.27,49.83,166.93,518.23
38032,다사6359,11,서울,11350,노원구,11.71,-67.27,49.83,166.93,518.23
38033,다사6360,11,서울,11350,노원구,11.71,-67.27,49.83,166.93,518.23
38034,다사6361,11,서울,11350,노원구,11.71,-67.27,49.83,166.93,518.23
38035,다사6362,11,서울,11350,노원구,29.89,-240.7,58.2,357.1,1253.8
38036,다사6363,11,서울,11350,노원구,11.71,-67.27,49.83,166.93,518.23
38037,다사6364,11,서울,11350,노원구,11.71,-67.27,49.83,166.93,518.23
38038,다사6365,11,서울,11350,노원구,29.89,-240.7,58.2,357.1,1253.8
38039,다사6366,11,서울,11350,노원구,29.89,-240.7,58.2,357.1,1253.8
38112,다사6439,11,서울,11680,강남구,9.25,-32.64,59.9,152.43,430.04
38113,다사6440,11,서울,11680,강남구,9.25,-32.64,59.9,152.43,430.04
38114,다사6441,11,서울,11680,강남구,9.25,-32.64,59.9,152.43,430.04
38115,다사6442,11,서울,11680,강남구,6.11,-26.44,34.71,95.85,279.29
38116,다사6443,11,서울,11680,강남구,6.11,-26.44,34.71,95.85,279.29
38117,다사6444,11,서울,11680,강남구,6.11,-26.44,34.71,95.85,279.29
38118,다사6445,11,서울,11710,송파구,6.11,-26.44,34.71,95.85,279.29
38119,다사6446,11,서울,11710,송파구,6.11,-26.44,34.71,95.85,279.29
38120,다사6447,11,서울,11215,광진구,29.29,-113,179.9,472.8,1351.5
38121,다사6448,11,서울,11215,광진구,29.29,-113,179.9,472.8,1351.5
38122,다사6449,11,서울,11215,광진구,29.29,-113,179.9,472.8,1351.5
38123,다사6450,11,서울,11215,광진구,29.29,-113,179.9,472.8,1351.5
38125,다사6452,11,서울,11260,중랑구,29.29,-113,179.9,472.8,1351.5
38126,다사6453,11,서울,11260,중랑구,29.29,-113,179.9,472.8,1351.5
38127,다사6454,11,서울,11260,중랑구,11.71,-67.27,49.83,166.93,518.23
38128,다사6455,11,서울,11260,중랑구,11.71,-67.27,49.83,166.93,518.23
38129,다사6456,11,서울,11260,중랑구,11.71,-67.27,49.83,166.93,518.23
38130,다사6457,11,서울,11260,중랑구,11.71,-67.27,49.83,166.93,518.23
38131,다사6458,11,서울,11350,노원구,11.71,-67.27,49.83,166.93,518.23
38132,다사6459,11,서울,11350,노원구,11.71,-67.27,49.83,166.93,518.23
38133,다사6460,11,서울,11350,노원구,29.89,-240.7,58.2,357.1,1253.8
38134,다사6461,11,서울,11350,노원구,29.89,-240.7,58.2,357.1,1253.8
38135,다사6462,11,서울,11350,노원구,29.89,-240.7,58.2,357.1,1253.8
38136,다사6463,11,서울,11350,노원구,29.89,-240.7,58.2,357.1,1253.8
38137,다사6464,11,서울,11350,노원구,29.89,-240.7,58.2,357.1,1253.8
38138,다사6465,11,서울,11350,노원구,29.89,-240.7,58.2,357.1,1253.8
38213,다사6540,11,서울,11680,강남구,9.25,-32.64,59.9,152.43,430.04
38214,다사6541,11,서울,11680,강남구,9.25,-32.64,59.9,152.43,430.04
38215,다사6542,11,서울,11680,강남구,6.11,-26.44,34.71,95.85,279.29
38216,다사6543,11,서울,11680,강남구,6.11,-26.44,34.71,95.85,279.29
38217,다사6544,11,서울,11710,송파구,6.11,-26.44,34.71,95.85,279.29
38218,다사6545,11,서울,11710,송파구,6.11,-26.44,34.71,95.85,279.29
38219,다사6546,11,서울,11710,송파구,29.29,-113,179.9,472.8,1351.5
38220,다사6547,11,서울,11710,송파구,29.29,-113,179.9,472.8,1351.5
38221,다사6548,11,서울,11215,광진구,29.29,-113,179.9,472.8,1351.5
38222,다사6549,11,서울,11740,강동구,29.29,-113,179.9,472.8,1351.5
38226,다사6553,11,서울,11260,중랑구,29.29,-113,179.9,472.8,1351.5
38227,다사6554,11,서울,11260,중랑구,29.29,-113,179.9,472.8,1351.5
38228,다사6555,11,서울,11260,중랑구,29.89,-240.7,58.2,357.1,1253.8
38229,다사6556,11,서울,11260,중랑구,11.71,-67.27,49.83,166.93,518.23
38230,다사6557,11,서울,11260,중랑구,29.89,-240.7,58.2,357.1,1253.8
38231,다사6558,11,서울,11260,중랑구,29.89,-240.7,58.2,357.1,1253.8
38313,다사6640,11,서울,11680,강남구,9.25,-32.64,59.9,152.43,430.04
38314,다사6641,11,서울,11680,강남구,9.25,-32.64,59.9,152.43,430.04
38315,다사6642,11,서울,11680,강남구,6.11,-26.44,34.71,95.85,279.29
38316,다사6643,11,서울,11710,송파구,6.11,-26.44,34.71,95.85,279.29
38317,다사6644,11,서울,11710,송파구,6.11,-26.44,34.71,95.85,279.29
38318,다사6645,11,서울,11710,송파구,6.11,-26.44,34.71,95.85,279.29
38319,다사6646,11,서울,11710,송파구,29.29,-113,179.9,472.8,1351.5
38320,다사6647,11,서울,11740,강동구,29.29,-113,179.9,472.8,1351.5
38321,다사6648,11,서울,11740,강동구,29.29,-113,179.9,472.8,1351.5
38322,다사6649,11,서울,11740,강동구,29.29,-113,179.9,472.8,1351.5
38327,다사6654,11,서울,11260,중랑구,29.29,-113,179.9,472.8,1351.5
38328,다사6655,11,서울,11260,중랑구,29.89,-240.7,58.2,357.1,1253.8
38329,다사6656,11,서울,11260,중랑구,29.89,-240.7,58.2,357.1,1253.8
38330,다사6657,11,서울,11260,중랑구,29.89,-240.7,58.2,357.1,1253.8
38414,다사6741,11,서울,11710,송파구,6.11,-26.44,34.71,95.85,279.29
38415,다사6742,11,서울,11710,송파구,6.11,-26.44,34.71,95.85,279.29
38416,다사6743,11,서울,11710,송파구,6.11,-26.44,34.71,95.85,279.29
38417,다사6744,11,서울,11710,송파구,6.11,-26.44,34.71,95.85,279.29
38418,다사6745,11,서울,11710,송파구,29.29,-113,179.9,472.8,1351.5
38419,다사6746,11,서울,11740,강동구,29.29,-113,179.9,472.8,1351.5
38420,다사6747,11,서울,11740,강동구,29.29,-113,179.9,472.8,1351.5
38421,다사6748,11,서울,11740,강동구,29.29,-113,179.9,472.8,1351.5
38422,다사6749,11,서울,11740,강동구,29.29,-113,179.9,472.8,1351.5
38423,다사6750,11,서울,11740,강동구,29.29,-113,179.9,472.8,1351.5
38516,다사6843,11,서울,11710,송파구,6.11,-26.44,34.71,95.85,279.29
38521,다사6848,11,서울,11740,강동구,29.29,-113,179.9,472.8,1351.5
38522,다사6849,11,서울,11740,강동구,29.29,-113,179.9,472.8,1351.5
38523,다사6850,11,서울,11740,강동구,29.29,-113,179.9,472.8,1351.5
38524,다사6851,11,서울,11740,강동구,29.29,-113,179.9,472.8,1351.5
38623,다사6950,11,서울,11740,강동구,29.29,-113,179.9,472.8,1351.5
38624,다사6951,11,서울,11740,강동구,29.29,-113,179.9,472.8,1351.5
38723,다사7050,11,서울,11740,강동구,29.29,-113,179.9,472.8,1351.5
38724,다사7051,11,서울,11740,강동구,29.29,-113,179.9,472.8,1351.5
